ID,Type,SKU,Name,Published,Featured,Catalog visibility,Short description,Description,Tax status,Tax class,In stock?,Stock,Backorders allowed?,Sold individually?,Weight (kg),Sale price,Regular price,Categories,Tags,Position
,simple,VIB-001,Velvet Touch Vibrator | 丝绒触感震动棒,1,0,visible,Premium silicone vibrating massager | 高级硅胶震动按摩棒,10 vibration modes waterproof USB rechargeable,taxable,,1,99,0,0,0.20,89.00,129.00,Vibrators | 震动器,vib-001,0
,simple,VIB-002,Rose Petal Clitoral Sucker | 玫瑰吮吸器,1,0,visible,Air pulse stimulator | 气压吮吸刺激器,7 suction intensities ultra-quiet,taxable,,1,99,0,0,0.20,149.00,199.00,Vibrators | 震动器,vib-002,1
,simple,VIB-003,Rabbit Dual Vibrator | 兔子双重震动棒,1,0,visible,G-spot and clitoral stimulation | G点阴蒂双重刺激,12 vibration patterns flexible design,taxable,,1,99,0,0,0.20,159.00,219.00,Vibrators | 震动器,vib-003,2
,simple,VIB-004,Wand Massager Pro | 专业棒状按摩器,1,0,visible,Powerful full-body wand | 强力全身按摩棒,3 speed settings flexible head,taxable,,1,99,0,0,0.20,199.00,269.00,Vibrators | 震动器,vib-004,3
,simple,VIB-005,Finger Vibrator Ring | 手指震动环,1,0,visible,Compact finger-worn vibrator | 小巧手指震动器,4 vibration modes waterproof,taxable,,1,99,0,0,0.20,39.00,59.00,Vibrators | 震动器,vib-005,4
,simple,VIB-006,App-Controlled Bullet | APP遥控子弹震动器,1,0,visible,Bluetooth app-controlled | 蓝牙APP遥控,Long-distance control 10 modes,taxable,,1,99,0,0,0.20,119.00,169.00,Vibrators | 震动器,vib-006,5
,simple,VIB-007,G-Spot Curved Vibrator | G点弯曲震动棒,1,0,visible,Precisely angled G-spot stimulation | 精准G点刺激,Ergonomic curve 8 modes,taxable,,1,99,0,0,0.20,109.00,149.00,Vibrators | 震动器,vib-007,6
,simple,VIB-008,Remote Egg Vibrator | 遥控跳蛋,1,0,visible,Wireless remote control egg | 无线遥控跳蛋,12 modes 10m remote range,taxable,,1,99,0,0,0.20,79.00,109.00,Vibrators | 震动器,vib-008,7
,simple,VIB-009,Panty Vibrator Set | 内裤震动器套装,1,0,visible,Wearable panty vibrator | 可穿戴内裤震动器,Discreet wear app control 9 modes,taxable,,1,99,0,0,0.20,139.00,189.00,Vibrators | 震动器,vib-009,8
,simple,VIB-010,Thrusting Vibrator | 抽插震动棒,1,0,visible,Automatic thrusting vibrator | 自动抽插震动棒,3 thrust speeds 7 vibration modes,taxable,,1,99,0,0,0.20,189.00,249.00,Vibrators | 震动器,vib-010,9
,simple,VIB-011,Lipstick Vibrator | 口红震动棒,1,0,visible,Discreet lipstick-shaped | 隐秘口红造型,Portable 7 modes,taxable,,1,99,0,0,0.20,49.00,69.00,Vibrators | 震动器,vib-011,10
,simple,VIB-012,Triple Stimulation Vibrator | 三重刺激震动棒,1,0,visible,G-spot clitoral anal stimulation | 三重刺激,Independent motors each point,taxable,,1,99,0,0,0.20,229.00,299.00,Vibrators | 震动器,vib-012,11
,simple,VIB-013,Heating Vibrator | 加热震动棒,1,0,visible,Body-warming vibrator | 体温加热震动棒,Heats to body temperature 3 min,taxable,,1,99,0,0,0.20,159.00,209.00,Vibrators | 震动器,vib-013,12
,simple,VIB-014,Mini Massager Keychain | 迷你按摩棒,1,0,visible,Ultra-portable keychain vibrator | 超便携钥匙扣,Discreet everyday carry 3 modes,taxable,,1,99,0,0,0.20,29.00,45.00,Vibrators | 震动器,vib-014,13
,simple,VIB-015,Suction Cup Vibrator | 吸盘震动棒,1,0,visible,Hands-free suction cup | 免手持吸盘,Strong suction 10 modes,taxable,,1,99,0,0,0.20,129.00,179.00,Vibrators | 震动器,vib-015,14
,simple,VIB-016,Couples Vibration Ring | 情侣震动环,1,0,visible,Vibrating cock ring for couples | 情侣震动环,Stimulates both partners,taxable,,1,99,0,0,0.20,59.00,89.00,Vibrators | 震动器,vib-016,15
,simple,VIB-017,Squirting Dildo Vibrator | 喷射震动棒,1,0,visible,Realistic squirting with vibration | 逼真喷射震动,Includes squeeze bulb 7 modes,taxable,,1,99,0,0,0.20,179.00,239.00,Vibrators | 震动器,vib-017,16
,simple,VIB-018,Tongue Vibrator | 舌形震动器,1,0,visible,Tongue-shaped oral simulator | 舌形口交模拟,Realistic movements 10 modes,taxable,,1,99,0,0,0.20,109.00,149.00,Vibrators | 震动器,vib-018,17
,simple,VIB-019,Butterfly Vibrator | 蝴蝶震动器,1,0,visible,Butterfly hands-free vibrator | 蝴蝶免手持,Adjustable straps 10 modes,taxable,,1,99,0,0,0.20,119.00,159.00,Vibrators | 震动器,vib-019,18
,simple,VIB-020,Glass Vibrator | 玻璃震动棒,1,0,visible,Borosilicate glass vibrator | 硼硅酸盐玻璃震动棒,Temperature play body-safe,taxable,,1,99,0,0,0.20,139.00,189.00,Vibrators | 震动器,vib-020,19
,simple,DIL-001,Realistic Silicone Dildo | 逼真硅胶假阳具,1,0,visible,Ultra-realistic silicone | 超逼真硅胶,Platinum silicone suction cup,taxable,,1,99,0,0,0.20,89.00,129.00,Dildos | 假阳具,dil-001,20
,simple,DIL-002,Double-Ended Dildo | 双头假阳具,1,0,visible,Flexible double-ended | 柔韧双头,Solo or couples 45cm,taxable,,1,99,0,0,0.20,99.00,149.00,Dildos | 假阳具,dil-002,21
,simple,DIL-003,Curved G-Spot Dildo | G点弯曲假阳具,1,0,visible,Precisely curved G-spot | 精准G点,Premium silicone 7 inch,taxable,,1,99,0,0,0.20,79.00,119.00,Dildos | 假阳具,dil-003,22
,simple,DIL-004,Huge XXL Dildo | 超大XXL假阳具,1,0,visible,Extra large for advanced | 高级用户超大,Body-safe silicone suction cup,taxable,,1,99,0,0,0.20,149.00,199.00,Dildos | 假阳具,dil-004,23
,simple,DIL-005,Strapless Strap-On | 无绑带穿戴假阳具,1,0,visible,Innovative strapless strap-on | 无绑带穿戴,Worn internally no harness,taxable,,1,99,0,0,0.20,159.00,219.00,Dildos | 假阳具,dil-005,24
,simple,DIL-006,Vibrating Dildo | 震动假阳具,1,0,visible,Realistic dildo with vibration | 带震动假阳具,10 modes USB rechargeable,taxable,,1,99,0,0,0.20,119.00,169.00,Dildos | 假阳具,dil-006,25
,simple,DIL-007,Glass Dildo | 玻璃假阳具,1,0,visible,Elegant borosilicate glass | 优雅玻璃,Temperature play body-safe,taxable,,1,99,0,0,0.20,109.00,149.00,Dildos | 假阳具,dil-007,26
,simple,DIL-008,Metal Dildo | 金属假阳具,1,0,visible,Stainless steel dildo | 不锈钢假阳具,Polished surgical steel,taxable,,1,99,0,0,0.20,129.00,179.00,Dildos | 假阳具,dil-008,27
,simple,DIL-009,Suction Cup Dildo | 吸盘假阳具,1,0,visible,Strong suction cup base | 强力吸盘底座,Hands-free smooth surface,taxable,,1,99,0,0,0.20,79.00,119.00,Dildos | 假阳具,dil-009,28
,simple,DIL-010,Squirting Dildo | 喷射假阳具,1,0,visible,Ejaculating dildo | 射精假阳具,Squeeze bulb body-safe fluid,taxable,,1,99,0,0,0.20,129.00,179.00,Dildos | 假阳具,dil-010,29
,simple,DIL-011,Fantasy Dildo | 幻想假阳具,1,0,visible,Fantasy-shaped dildo | 幻想造型,Non-realistic design body-safe,taxable,,1,99,0,0,0.20,99.00,139.00,Dildos | 假阳具,dil-011,30
,simple,DIL-012,Slim Beginner Dildo | 纤细新手假阳具,1,0,visible,Perfect starter dildo | 新手入门,Slim profile flexible silicone,taxable,,1,99,0,0,0.20,59.00,89.00,Dildos | 假阳具,dil-012,31
,simple,DIL-013,Strap-On Kit | 穿戴式套装,1,0,visible,Complete strap-on harness kit | 完整套装,Adjustable harness 2 dildos,taxable,,1,99,0,0,0.20,199.00,279.00,Dildos | 假阳具,dil-013,32
,simple,DIL-014,Inflatable Dildo | 充气假阳具,1,0,visible,Inflatable expanding dildo | 充气膨胀,Adjustable size inflation pump,taxable,,1,99,0,0,0.20,109.00,149.00,Dildos | 假阳具,dil-014,33
,simple,DIL-015,Prostate Dildo | 前列腺按摩假阳具,1,0,visible,Curved prostate massage | 前列腺按摩,Ergonomic P-spot curve,taxable,,1,99,0,0,0.20,89.00,129.00,Dildos | 假阳具,dil-015,34
,simple,DIL-016,Glow Dark Dildo | 夜光假阳具,1,0,visible,Glow-in-the-dark dildo | 夜光假阳具,Charges in light glows dark,taxable,,1,99,0,0,0.20,79.00,109.00,Dildos | 假阳具,dil-016,35
,simple,DIL-017,Dual Density Dildo | 双重密度假阳具,1,0,visible,Dual-density realistic | 双重密度逼真,Hard core soft outer layer,taxable,,1,99,0,0,0.20,119.00,159.00,Dildos | 假阳具,dil-017,36
,simple,DIL-018,Crystal Clear Dildo | 水晶透明假阳具,1,0,visible,Clear crystal silicone | 水晶透明硅胶,100% body-safe clear,taxable,,1,99,0,0,0.20,79.00,119.00,Dildos | 假阳具,dil-018,37
,simple,DIL-019,Rotating Dildo | 旋转假阳具,1,0,visible,Rotating head unique sensation | 旋转头部,3 rotation 7 vibration modes,taxable,,1,99,0,0,0.20,149.00,199.00,Dildos | 假阳具,dil-019,38
,simple,DIL-020,Textured Dildo | 纹理假阳具,1,0,visible,Heavily textured intense | 丰富纹理,Ribbed dotted texture body-safe,taxable,,1,99,0,0,0.20,89.00,129.00,Dildos | 假阳具,dil-020,39
,simple,ANL-001,Beginner Butt Plug | 新手肛塞,1,0,visible,Slim beginner butt plug | 纤细新手肛塞,Smooth silicone flared base,taxable,,1,99,0,0,0.20,29.00,49.00,Anal Toys | 肛塞玩具,anl-001,40
,simple,ANL-002,Vibrating Butt Plug | 震动肛塞,1,0,visible,Vibrating butt plug | 震动肛塞,10 modes USB rechargeable,taxable,,1,99,0,0,0.20,79.00,109.00,Anal Toys | 肛塞玩具,anl-002,41
,simple,ANL-003,Jewel Anal Plug Set | 宝石肛塞套装,1,0,visible,Crystal jewel butt plug set | 水晶宝石肛塞套装,3 sizes stainless steel,taxable,,1,99,0,0,0.20,99.00,139.00,Anal Toys | 肛塞玩具,anl-003,42
,simple,ANL-004,Inflatable Anal Plug | 充气肛塞,1,0,visible,Inflatable expanding plug | 充气膨胀肛塞,Adjustable size pump included,taxable,,1,99,0,0,0.20,89.00,129.00,Anal Toys | 肛塞玩具,anl-004,43
,simple,ANL-005,Prostate Massager | 前列腺按摩器,1,0,visible,Angled prostate massager | 角度前列腺按摩,P-spot precision vibration,taxable,,1,99,0,0,0.20,119.00,169.00,Anal Toys | 肛塞玩具,anl-005,44
,simple,ANL-006,Anal Beads | 肛门珠串,1,0,visible,Graduated anal bead string | 渐进式肛门珠串,Silicone graduated sizes,taxable,,1,99,0,0,0.20,49.00,79.00,Anal Toys | 肛塞玩具,anl-006,45
,simple,ANL-007,Remote Vibrating Plug | 遥控震动肛塞,1,0,visible,Remote-controlled vibrating plug | 遥控震动肛塞,10m wireless remote,taxable,,1,99,0,0,0.20,89.00,129.00,Anal Toys | 肛塞玩具,anl-007,46
,simple,ANL-008,Tail Butt Plug | 尾巴肛塞,1,0,visible,Furry tail butt plug | 毛绒尾巴肛塞,Multiple colors available,taxable,,1,99,0,0,0.20,59.00,89.00,Anal Toys | 肛塞玩具,anl-008,47
,simple,ANL-009,Glass Anal Plug | 玻璃肛塞,1,0,visible,Glass anal plug | 玻璃肛塞,Temperature play body-safe,taxable,,1,99,0,0,0.20,79.00,119.00,Anal Toys | 肛塞玩具,anl-009,48
,simple,ANL-010,XXL Anal Plug | 超大肛塞,1,0,visible,Extra large butt plug | 超大肛塞,Advanced users only flared base,taxable,,1,99,0,0,0.20,129.00,179.00,Anal Toys | 肛塞玩具,anl-010,49
,simple,ANL-011,Anal Dildo | 肛门假阳具,1,0,visible,Slim anal dildo | 纤细肛门假阳具,Suction cup base silicone,taxable,,1,99,0,0,0.20,69.00,99.00,Anal Toys | 肛塞玩具,anl-011,50
,simple,ANL-012,Double Plug | 双重肛塞,1,0,visible,Double penetration plug | 双重穿透肛塞,Simultaneous stimulation,taxable,,1,99,0,0,0.20,109.00,149.00,Anal Toys | 肛塞玩具,anl-012,51
,simple,ANL-013,App-Controlled Plug | APP遥控肛塞,1,0,visible,Bluetooth app-controlled plug | 蓝牙APP肛塞,Long-distance control,taxable,,1,99,0,0,0.20,119.00,159.00,Anal Toys | 肛塞玩具,anl-013,52
,simple,ANL-014,Heating Anal Plug | 加热肛塞,1,0,visible,Self-heating anal plug | 自加热肛塞,Body temperature warming,taxable,,1,99,0,0,0.20,99.00,139.00,Anal Toys | 肛塞玩具,anl-014,53
,simple,ANL-015,Rotating Anal Plug | 旋转肛塞,1,0,visible,Rotating vibrating plug | 旋转震动肛塞,360 degree rotation,taxable,,1,99,0,0,0.20,109.00,149.00,Anal Toys | 肛塞玩具,anl-015,54
,simple,ANL-016,Stainless Steel Plug | 不锈钢肛塞,1,0,visible,Heavy metal butt plug | 重型金属肛塞,Polished surgical steel,taxable,,1,99,0,0,0.20,99.00,139.00,Anal Toys | 肛塞玩具,anl-016,55
,simple,ANL-017,Suction Cup Anal Plug | 吸盘肛塞,1,0,visible,Hands-free suction plug | 免手持吸盘肛塞,Strong suction base,taxable,,1,99,0,0,0.20,69.00,99.00,Anal Toys | 肛塞玩具,anl-017,56
,simple,ANL-018,Curved Prostate Plug | 弯曲前列腺肛塞,1,0,visible,Curved for prostate access | 弯曲前列腺专用,Ergonomic angle P-spot,taxable,,1,99,0,0,0.20,89.00,129.00,Anal Toys | 肛塞玩具,anl-018,57
,simple,ANL-019,Beaded Anal Plug | 珠状肛塞,1,0,visible,Beaded texture plug | 珠状纹理肛塞,Multiple beads graduated,taxable,,1,99,0,0,0.20,59.00,89.00,Anal Toys | 肛塞玩具,anl-019,58
,simple,ANL-020,Trainer Kit Anal | 肛塞训练套装,1,0,visible,Complete anal trainer kit | 完整肛塞训练套装,3 plugs progressive sizes,taxable,,1,99,0,0,0.20,99.00,149.00,Anal Toys | 肛塞玩具,anl-020,59
,simple,BDS-001,Silk Bondage Rope | 丝绸束缚绳,1,0,visible,Soft silk bondage rope | 柔软丝绸束缚绳,5m length soft on skin,taxable,,1,99,0,0,0.20,39.00,59.00,BDSM & Bondage | BDSM束缚,bds-001,60
,simple,BDS-002,Leather Handcuffs | 皮革手铐,1,0,visible,Padded leather handcuffs | 加衬皮革手铐,Adjustable quick-release,taxable,,1,99,0,0,0.20,49.00,79.00,BDSM & Bondage | BDSM束缚,bds-002,61
,simple,BDS-003,Beginner BDSM Kit | BDSM新手套装,1,0,visible,Complete beginner bondage kit | 新手束缚套装,Handcuffs blindfold flogger,taxable,,1,99,0,0,0.20,129.00,179.00,BDSM & Bondage | BDSM束缚,bds-003,62
,simple,BDS-004,Blindfold Eye Mask | 眼罩,1,0,visible,Luxury satin blindfold | 豪华缎面眼罩,Blocks light completely,taxable,,1,99,0,0,0.20,19.00,35.00,BDSM & Bondage | BDSM束缚,bds-004,63
,simple,BDS-005,Flogger Whip | 鞭子,1,0,visible,Leather flogger whip | 皮革鞭子,Multiple falls leather handle,taxable,,1,99,0,0,0.20,59.00,89.00,BDSM & Bondage | BDSM束缚,bds-005,64
,simple,BDS-006,Ball Gag | 口球,1,0,visible,Silicone ball gag | 硅胶口球,Adjustable straps drool-proof,taxable,,1,99,0,0,0.20,39.00,59.00,BDSM & Bondage | BDSM束缚,bds-006,65
,simple,BDS-007,Nipple Clamps | 乳夹,1,0,visible,Adjustable nipple clamps | 可调节乳夹,Vibrating with chain,taxable,,1,99,0,0,0.20,49.00,79.00,BDSM & Bondage | BDSM束缚,bds-007,66
,simple,BDS-008,Under Bed Restraint | 床下束缚系统,1,0,visible,Under-mattress restraint system | 床垫下束缚,Fits any mattress size,taxable,,1,99,0,0,0.20,89.00,129.00,BDSM & Bondage | BDSM束缚,bds-008,67
,simple,BDS-009,Spreader Bar | 开腿棒,1,0,visible,Adjustable spreader bar | 可调节开腿棒,With ankle and wrist cuffs,taxable,,1,99,0,0,0.20,99.00,149.00,BDSM & Bondage | BDSM束缚,bds-009,68
,simple,BDS-010,Paddle Spanking | 拍打板,1,0,visible,Faux leather spanking paddle | 仿皮拍打板,Two-sided texture,taxable,,1,99,0,0,0.20,49.00,79.00,BDSM & Bondage | BDSM束缚,bds-010,69
,simple,BDS-011,Body Harness | 身体绑带,1,0,visible,Full body leather harness | 全身皮革绑带,Adjustable straps,taxable,,1,99,0,0,0.20,119.00,169.00,BDSM & Bondage | BDSM束缚,bds-011,70
,simple,BDS-012,Collar Leash Set | 项圈皮带套装,1,0,visible,Leather collar with leash | 皮革项圈配皮带,O-ring D-ring attachment,taxable,,1,99,0,0,0.20,59.00,89.00,BDSM & Bondage | BDSM束缚,bds-012,71
,simple,BDS-013,Wartenberg Wheel | 神经滚轮,1,0,visible,Wartenberg pinwheel set | 神经滚轮套装,Stainless steel sensory,taxable,,1,99,0,0,0.20,39.00,59.00,BDSM & Bondage | BDSM束缚,bds-013,72
,simple,BDS-014,Candle Wax Play | 蜡烛滴蜡游戏,1,0,visible,Low-temp drip candles | 低温滴蜡蜡烛,Body-safe low melting point,taxable,,1,99,0,0,0.20,29.00,45.00,BDSM & Bondage | BDSM束缚,bds-014,73
,simple,BDS-015,Ankle Cuffs | 脚踝手铐,1,0,visible,Padded ankle restraint cuffs | 加衬脚踝束缚,Adjustable velcro closure,taxable,,1,99,0,0,0.20,39.00,59.00,BDSM & Bondage | BDSM束缚,bds-015,74
,simple,BDS-016,Hogtie Set | 全身束缚套装,1,0,visible,Hogtie bondage set | 猪蹄式束缚套装,Wrists ankles connection,taxable,,1,99,0,0,0.20,79.00,119.00,BDSM & Bondage | BDSM束缚,bds-016,75
,simple,BDS-017,Tickler Feather | 羽毛逗弄棒,1,0,visible,Feather tickler teaser | 羽毛逗弄,Sensory play beginners,taxable,,1,99,0,0,0.20,19.00,35.00,BDSM & Bondage | BDSM束缚,bds-017,76
,simple,BDS-018,Crop Riding Crop | 骑马鞭,1,0,visible,Leather riding crop | 皮革骑马鞭,Flexible shaft leather slapper,taxable,,1,99,0,0,0.20,49.00,79.00,BDSM & Bondage | BDSM束缚,bds-018,77
,simple,BDS-019,Sensory Deprivation Hood | 感觉剥夺头罩,1,0,visible,Leather sensory deprivation hood | 皮革头罩,Eye mouth openings,taxable,,1,99,0,0,0.20,89.00,129.00,BDSM & Bondage | BDSM束缚,bds-019,78
,simple,BDS-020,Complete BDSM Set | 完整BDSM套装,1,0,visible,Deluxe BDSM accessories set | 豪华BDSM套装,10 piece complete collection,taxable,,1,99,0,0,0.20,249.00,349.00,BDSM & Bondage | BDSM束缚,bds-020,79
,simple,LNG-001,Lace Babydoll Set | 蕾丝娃娃装套装,1,0,visible,Sexy lace babydoll lingerie | 性感蕾丝娃娃装,One size fits most,taxable,,1,99,0,0,0.20,39.00,59.00,Lingerie | 情趣内衣,lng-001,80
,simple,LNG-002,Fishnet Bodysuit | 渔网连体衣,1,0,visible,Stretch fishnet bodysuit | 弹力渔网连体衣,One size adjustable,taxable,,1,99,0,0,0.20,29.00,49.00,Lingerie | 情趣内衣,lng-002,81
,simple,LNG-003,Corset Bustier | 胸衣束腰,1,0,visible,Satin corset bustier set | 缎面胸衣束腰,Boned structure lace-up back,taxable,,1,99,0,0,0.20,89.00,129.00,Lingerie | 情趣内衣,lng-003,82
,simple,LNG-004,Crotchless Panty Set | 开档内裤套装,1,0,visible,Crotchless panty and bra set | 开档内裤文胸套装,Lace trim multiple colors,taxable,,1,99,0,0,0.20,45.00,69.00,Lingerie | 情趣内衣,lng-004,83
,simple,LNG-005,Sheer Chemise | 透视睡裙,1,0,visible,Sheer mesh chemise | 透视网眼睡裙,Thong included adjustable straps,taxable,,1,99,0,0,0.20,49.00,75.00,Lingerie | 情趣内衣,lng-005,84
,simple,LNG-006,Teddy Lingerie | 连体紧身衣,1,0,visible,Sexy teddy one-piece | 性感连体紧身衣,Snap closure adjustable,taxable,,1,99,0,0,0.20,55.00,85.00,Lingerie | 情趣内衣,lng-006,85
,simple,LNG-007,Nurse Costume | 护士制服,1,0,visible,Sexy nurse uniform set | 性感护士制服套装,Dress hat apron thong,taxable,,1,99,0,0,0.20,79.00,119.00,Lingerie | 情趣内衣,lng-007,86
,simple,LNG-008,Maid Outfit | 女仆装,1,0,visible,French maid costume set | 法式女仆装套装,Dress apron headband,taxable,,1,99,0,0,0.20,69.00,109.00,Lingerie | 情趣内衣,lng-008,87
,simple,LNG-009,Latex Bra Set | 乳胶文胸套装,1,0,visible,Latex bra and panty set | 乳胶文胸内裤套装,Shiny latex multiple sizes,taxable,,1,99,0,0,0.20,99.00,149.00,Lingerie | 情趣内衣,lng-009,88
,simple,LNG-010,Strappy Harness Bra | 绑带式文胸,1,0,visible,Strappy cage bra harness | 绑带笼型文胸,Adjustable straps fashion,taxable,,1,99,0,0,0.20,59.00,89.00,Lingerie | 情趣内衣,lng-010,89
,simple,LNG-011,Garter Belt Set | 吊袜带套装,1,0,visible,Garter belt with stockings | 吊袜带配丝袜套装,4 garters stockings included,taxable,,1,99,0,0,0.20,45.00,69.00,Lingerie | 情趣内衣,lng-011,90
,simple,LNG-012,Peek-a-Boo Bra | 露点文胸,1,0,visible,Open cup peek-a-boo bra | 开杯露点文胸,Shelf bra lace trim,taxable,,1,99,0,0,0.20,39.00,59.00,Lingerie | 情趣内衣,lng-012,91
,simple,LNG-013,Silk Robe Set | 丝绸睡袍套装,1,0,visible,Silk satin robe and nightie | 丝绸睡袍睡裙套装,Belted closure feather trim,taxable,,1,99,0,0,0.20,89.00,129.00,Lingerie | 情趣内衣,lng-013,92
,simple,LNG-014,Bodycon Dress | 紧身连衣裙,1,0,visible,Sheer bodycon mesh dress | 透明紧身连衣裙,Thong included S-XL,taxable,,1,99,0,0,0.20,55.00,85.00,Lingerie | 情趣内衣,lng-014,93
,simple,LNG-015,Rave Lingerie | 锐舞内衣,1,0,visible,Holographic rave bra set | 全息锐舞文胸套装,Festival wear multiple colors,taxable,,1,99,0,0,0.20,65.00,95.00,Lingerie | 情趣内衣,lng-015,94
,simple,LNG-016,Camisole Set | 吊带背心套装,1,0,visible,Satin camisole and short set | 缎面吊带套装,Lace trim loungewear,taxable,,1,99,0,0,0.20,49.00,75.00,Lingerie | 情趣内衣,lng-016,95
,simple,LNG-017,Open Back Bodysuit | 露背连体衣,1,0,visible,Strappy open back bodysuit | 绑带露背连体衣,Snap closure sheer mesh,taxable,,1,99,0,0,0.20,55.00,85.00,Lingerie | 情趣内衣,lng-017,96
,simple,LNG-018,Plus Size Lingerie | 大码情趣内衣,1,0,visible,Plus size lace lingerie set | 大码蕾丝内衣套装,Inclusive sizing 1X-3X,taxable,,1,99,0,0,0.20,65.00,95.00,Lingerie | 情趣内衣,lng-018,97
,simple,LNG-019,Cupless Shelf Bra | 无杯架型文胸,1,0,visible,Shelf bra cupless design | 无杯架型文胸,Underwire support lace,taxable,,1,99,0,0,0.20,45.00,69.00,Lingerie | 情趣内衣,lng-019,98
,simple,LNG-020,Full Body Stocking | 全身连体丝袜,1,0,visible,Sheer full body stocking | 透明全身连体丝袜,One size fits most crotchless,taxable,,1,99,0,0,0.20,35.00,55.00,Lingerie | 情趣内衣,lng-020,99
,simple,MAL-001,Pocket Pussy Stroker | 口袋阴道飞机杯,1,0,visible,Ultra-realistic pocket stroker | 超逼真口袋飞机杯,Body-safe TPE material,taxable,,1,99,0,0,0.20,59.00,89.00,Male Toys | 男性玩具,mal-001,100
,simple,MAL-002,Automatic Masturbator | 自动飞机杯,1,0,visible,Electric automatic masturbator | 电动自动飞机杯,10 modes USB rechargeable,taxable,,1,99,0,0,0.20,149.00,199.00,Male Toys | 男性玩具,mal-002,101
,simple,MAL-003,Cock Ring Set | 阴茎环套装,1,0,visible,Vibrating cock ring set | 震动阴茎环套装,3 sizes included,taxable,,1,99,0,0,0.20,39.00,59.00,Male Toys | 男性玩具,mal-003,102
,simple,MAL-004,Penis Pump | 阴茎泵,1,0,visible,Manual penis vacuum pump | 手动阴茎真空泵,Clear cylinder gauge included,taxable,,1,99,0,0,0.20,69.00,99.00,Male Toys | 男性玩具,mal-004,103
,simple,MAL-005,Male Chastity Cage | 男性贞操笼,1,0,visible,Stainless steel chastity cage | 不锈钢贞操笼,3 ring sizes included,taxable,,1,99,0,0,0.20,99.00,149.00,Male Toys | 男性玩具,mal-005,104
,simple,MAL-006,Prostate Massager | 前列腺按摩器,1,0,visible,Vibrating prostate massager | 震动前列腺按摩器,P-spot targeted 10 modes,taxable,,1,99,0,0,0.20,119.00,169.00,Male Toys | 男性玩具,mal-006,105
,simple,MAL-007,Sleeve Extension | 阴茎延伸套,1,0,visible,Penis sleeve extender | 阴茎延伸套,Adds length and girth,taxable,,1,99,0,0,0.20,59.00,89.00,Male Toys | 男性玩具,mal-007,106
,simple,MAL-008,Delay Spray | 延时喷雾,1,0,visible,Male delay performance spray | 男性延时表现喷雾,Long-lasting formula,taxable,,1,99,0,0,0.20,39.00,59.00,Male Toys | 男性玩具,mal-008,107
,simple,MAL-009,Masturbation Cup | 飞机杯,1,0,visible,Textured masturbation cup | 纹理飞机杯,Soft TPE realistic texture,taxable,,1,99,0,0,0.20,49.00,79.00,Male Toys | 男性玩具,mal-009,108
,simple,MAL-010,Electric Pump | 电动阴茎泵,1,0,visible,Electric penis pump | 电动阴茎泵,Auto pressure control,taxable,,1,99,0,0,0.20,129.00,179.00,Male Toys | 男性玩具,mal-010,109
,simple,MAL-011,Glans Vibrator | 龟头震动器,1,0,visible,Glans stimulator vibrator | 龟头刺激震动器,Targeted stimulation 7 modes,taxable,,1,99,0,0,0.20,69.00,99.00,Male Toys | 男性玩具,mal-011,110
,simple,MAL-012,Realistic Vagina Toy | 逼真阴道玩具,1,0,visible,Ultra-realistic vagina masturbator | 超逼真阴道自慰器,Full-size body form TPE,taxable,,1,99,0,0,0.20,199.00,279.00,Male Toys | 男性玩具,mal-012,111
,simple,MAL-013,Warming Stroker | 加热飞机杯,1,0,visible,Self-heating masturbation cup | 自加热飞机杯,Heats to body temperature,taxable,,1,99,0,0,0.20,99.00,139.00,Male Toys | 男性玩具,mal-013,112
,simple,MAL-014,Vibrating Stroker | 震动飞机杯,1,0,visible,Electric vibrating stroker | 电动震动飞机杯,Multiple vibration patterns,taxable,,1,99,0,0,0.20,89.00,129.00,Male Toys | 男性玩具,mal-014,113
,simple,MAL-015,Ball Stretcher | 睾丸牵引器,1,0,visible,Leather ball stretcher | 皮革睾丸牵引器,Adjustable weight,taxable,,1,99,0,0,0.20,49.00,79.00,Male Toys | 男性玩具,mal-015,114
,simple,MAL-016,Performance Ring | 性能增强环,1,0,visible,Stamina performance ring | 持久表现增强环,Flexible silicone sizes,taxable,,1,99,0,0,0.20,29.00,49.00,Male Toys | 男性玩具,mal-016,115
,simple,MAL-017,Anal Stimulator Male | 男用肛门刺激器,1,0,visible,Male anal prostate stimulator | 男性肛门前列腺刺激器,P-spot vibrating,taxable,,1,99,0,0,0.20,89.00,129.00,Male Toys | 男性玩具,mal-017,116
,simple,MAL-018,Fleshlight Style Toy | 手电筒型玩具,1,0,visible,Discreet flashlight masturbator | 隐秘手电筒式自慰器,Realistic interior texture,taxable,,1,99,0,0,0.20,79.00,119.00,Male Toys | 男性玩具,mal-018,117
,simple,MAL-019,Cock Cage Metal | 金属阴茎笼,1,0,visible,Metal cock cage device | 金属阴茎笼装置,Multiple sizes stainless steel,taxable,,1,99,0,0,0.20,89.00,129.00,Male Toys | 男性玩具,mal-019,118
,simple,MAL-020,Blow Job Simulator | 口交模拟器,1,0,visible,Electric blow job simulator | 电动口交模拟器,Suction vibration combination,taxable,,1,99,0,0,0.20,159.00,219.00,Male Toys | 男性玩具,mal-020,119
,simple,CPL-001,Couples Vibrator Set | 情侣震动套装,1,0,visible,Wearable couples vibrator | 可穿戴情侣震动器,Simultaneous pleasure app controlled,taxable,,1,99,0,0,0.20,159.00,219.00,Couples Toys | 情侣玩具,cpl-001,120
,simple,CPL-002,Remote Control Egg | 远程遥控跳蛋,1,0,visible,Long-distance app control egg | 远程APP控制跳蛋,Works anywhere in world,taxable,,1,99,0,0,0.20,119.00,169.00,Couples Toys | 情侣玩具,cpl-002,121
,simple,CPL-003,Couples Massage Kit | 情侣按摩套装,1,0,visible,Sensual massage kit for couples | 情侣感官按摩套装,Oils candles massager included,taxable,,1,99,0,0,0.20,89.00,129.00,Couples Toys | 情侣玩具,cpl-003,122
,simple,CPL-004,Double Ended Strap-On | 双头穿戴式,1,0,visible,Strapless double dildo | 无绑带双头假阳具,For same-sex couples,taxable,,1,99,0,0,0.20,149.00,199.00,Couples Toys | 情侣玩具,cpl-004,123
,simple,CPL-005,Dice Game Set | 骰子游戏套装,1,0,visible,Sexy dice game for couples | 情侣性爱骰子游戏,Foreplay activity dice,taxable,,1,99,0,0,0.20,19.00,35.00,Couples Toys | 情侣玩具,cpl-005,124
,simple,CPL-006,Blindfold Feather Set | 眼罩羽毛套装,1,0,visible,Sensory play starter kit | 感官游戏入门套装,Blindfold tickler dice,taxable,,1,99,0,0,0.20,39.00,59.00,Couples Toys | 情侣玩具,cpl-006,125
,simple,CPL-007,Couples Restraint Kit | 情侣束缚套装,1,0,visible,Beginner bondage for couples | 情侣新手束缚套装,Cuffs blindfold rope,taxable,,1,99,0,0,0.20,99.00,149.00,Couples Toys | 情侣玩具,cpl-007,126
,simple,CPL-008,Vibrating Cock Ring | 震动阴茎环,1,0,visible,Couples vibrating cock ring | 情侣震动阴茎环,Stimulates both during intercourse,taxable,,1,99,0,0,0.20,59.00,89.00,Couples Toys | 情侣玩具,cpl-008,127
,simple,CPL-009,Position Pillow | 体位辅助枕,1,0,visible,Liberator-style position pillow | 体位辅助枕,Multiple positions support,taxable,,1,99,0,0,0.20,99.00,149.00,Couples Toys | 情侣玩具,cpl-009,128
,simple,CPL-010,Massage Candle Set | 按摩蜡烛套装,1,0,visible,Scented massage candle set | 香氛按摩蜡烛套装,Low temp body-safe wax,taxable,,1,99,0,0,0.20,49.00,79.00,Couples Toys | 情侣玩具,cpl-010,129
,simple,CPL-011,Couples Game Cards | 情侣游戏卡,1,0,visible,Adult couples game card set | 成人情侣游戏卡套装,100 cards foreplay ideas,taxable,,1,99,0,0,0.20,29.00,45.00,Couples Toys | 情侣玩具,cpl-011,130
,simple,CPL-012,Dual Stimulation Ring | 双重刺激环,1,0,visible,Dual stimulation couples ring | 双重刺激情侣环,His and hers vibration,taxable,,1,99,0,0,0.20,79.00,119.00,Couples Toys | 情侣玩具,cpl-012,131
,simple,CPL-013,Strap-On Kit Couples | 情侣穿戴套装,1,0,visible,Complete strap-on kit couples | 完整情侣穿戴套装,Harness 2 dildos vibrator,taxable,,1,99,0,0,0.20,249.00,349.00,Couples Toys | 情侣玩具,cpl-013,132
,simple,CPL-014,Cock Ring Vibrator Set | 震动环套装,1,0,visible,Vibrating ring set couples | 情侣震动环套装,3 rings 3 vibrators,taxable,,1,99,0,0,0.20,89.00,129.00,Couples Toys | 情侣玩具,cpl-014,133
,simple,CPL-015,Couple Fantasy Kit | 情侣幻想套装,1,0,visible,Fantasy role play kit | 情侣角色扮演套装,Costumes accessories scenario cards,taxable,,1,99,0,0,0.20,79.00,119.00,Couples Toys | 情侣玩具,cpl-015,134
,simple,CPL-016,Wireless Vibrating Panty | 无线震动内裤,1,0,visible,App-controlled vibrating panty | APP控制震动内裤,Long distance relationship toy,taxable,,1,99,0,0,0.20,119.00,169.00,Couples Toys | 情侣玩具,cpl-016,135
,simple,CPL-017,Erotic Board Game | 情色桌游,1,0,visible,Adult erotic board game | 成人情色桌游,For 2 players foreplay,taxable,,1,99,0,0,0.20,59.00,89.00,Couples Toys | 情侣玩具,cpl-017,136
,simple,CPL-018,Tantus Silicone Set | 情侣硅胶套装,1,0,visible,Premium silicone couples set | 优质硅胶情侣套装,2 vibrators lubricant,taxable,,1,99,0,0,0.20,169.00,229.00,Couples Toys | 情侣玩具,cpl-018,137
,simple,CPL-019,Mutual Masturbator | 相互自慰套装,1,0,visible,Couples mutual masturbation toy | 情侣相互自慰玩具,Synchronized sensation,taxable,,1,99,0,0,0.20,189.00,259.00,Couples Toys | 情侣玩具,cpl-019,138
,simple,CPL-020,Date Night Box | 约会夜礼盒,1,0,visible,Romantic couples gift box | 浪漫情侣礼盒,Curated intimacy products,taxable,,1,99,0,0,0.20,149.00,199.00,Couples Toys | 情侣玩具,cpl-020,139
,simple,LUB-001,Water-Based Lube | 水基润滑液,1,0,visible,Premium water-based lubricant | 优质水基润滑液,Compatible all toys condoms,taxable,,1,99,0,0,0.20,29.00,45.00,Lubricants & Massage | 润滑油按摩,lub-001,140
,simple,LUB-002,Silicone Lube | 硅基润滑液,1,0,visible,Long-lasting silicone lubricant | 持久硅基润滑液,Water resistant long lasting,taxable,,1,99,0,0,0.20,39.00,59.00,Lubricants & Massage | 润滑油按摩,lub-002,141
,simple,LUB-003,Warming Lube | 温感润滑液,1,0,visible,Warming sensation lubricant | 温感润滑液,Heats on contact body-safe,taxable,,1,99,0,0,0.20,35.00,55.00,Lubricants & Massage | 润滑油按摩,lub-003,142
,simple,LUB-004,Cooling Lube | 清凉润滑液,1,0,visible,Cooling sensation lubricant | 清凉润滑液,Minty cool sensation,taxable,,1,99,0,0,0.20,35.00,55.00,Lubricants & Massage | 润滑油按摩,lub-004,143
,simple,LUB-005,Anal Lube | 肛门润滑液,1,0,visible,Thick anal lubricant formula | 浓稠肛门润滑液,Extra thick numbing optional,taxable,,1,99,0,0,0.20,39.00,59.00,Lubricants & Massage | 润滑油按摩,lub-005,144
,simple,LUB-006,Flavored Lube | 调味润滑液,1,0,visible,Flavored edible lubricant | 调味可食用润滑液,Strawberry cherry vanilla,taxable,,1,99,0,0,0.20,29.00,45.00,Lubricants & Massage | 润滑油按摩,lub-006,145
,simple,LUB-007,Organic Lube | 有机润滑液,1,0,visible,Organic natural lubricant | 有机天然润滑液,Aloe vera based vegan,taxable,,1,99,0,0,0.20,45.00,69.00,Lubricants & Massage | 润滑油按摩,lub-007,146
,simple,LUB-008,Massage Oil Set | 按摩油套装,1,0,visible,Sensual massage oil set | 感官按摩油套装,3 scents warming effect,taxable,,1,99,0,0,0.20,59.00,89.00,Lubricants & Massage | 润滑油按摩,lub-008,147
,simple,LUB-009,Delay Gel | 延时凝胶,1,0,visible,Male delay performance gel | 男性延时凝胶,Lidocaine formula,taxable,,1,99,0,0,0.20,35.00,55.00,Lubricants & Massage | 润滑油按摩,lub-009,148
,simple,LUB-010,Arousal Serum | 唤醒精华液,1,0,visible,Female arousal enhancement serum | 女性唤醒增强精华,Tingling warming sensation,taxable,,1,99,0,0,0.20,49.00,79.00,Lubricants & Massage | 润滑油按摩,lub-010,149
,simple,LUB-011,CBD Lube | CBD润滑液,1,0,visible,CBD-infused lubricant | 注入CBD润滑液,Relaxing intimate wellness,taxable,,1,99,0,0,0.20,69.00,99.00,Lubricants & Massage | 润滑油按摩,lub-011,150
,simple,LUB-012,Toy Cleaner | 玩具清洁剂,1,0,visible,Sex toy cleaner spray | 性玩具清洁喷雾,Anti-bacterial gentle formula,taxable,,1,99,0,0,0.20,19.00,35.00,Lubricants & Massage | 润滑油按摩,lub-012,151
,simple,LUB-013,Lube Shooter | 润滑液注射器,1,0,visible,Lube launcher applicator | 润滑液发射器应用器,For anal internal application,taxable,,1,99,0,0,0.20,25.00,39.00,Lubricants & Massage | 润滑油按摩,lub-013,152
,simple,LUB-014,Massage Candle | 按摩蜡烛,1,0,visible,Body-safe massage candle | 人体安全按摩蜡烛,Low melt point pour on skin,taxable,,1,99,0,0,0.20,35.00,55.00,Lubricants & Massage | 润滑油按摩,lub-014,153
,simple,LUB-015,Performance Enhancer | 性能增强剂,1,0,visible,Male enhancement topical gel | 男性外用增强凝胶,Increased sensitivity formula,taxable,,1,99,0,0,0.20,55.00,79.00,Lubricants & Massage | 润滑油按摩,lub-015,154
,simple,LUB-016,Feminine Wash | 私处清洁液,1,0,visible,pH-balanced intimate wash | pH平衡私处清洁液,Gentle daily use,taxable,,1,99,0,0,0.20,25.00,39.00,Lubricants & Massage | 润滑油按摩,lub-016,155
,simple,LUB-017,Pheromone Spray | 费洛蒙喷雾,1,0,visible,Pheromone-infused body spray | 费洛蒙喷雾,Attraction enhancement,taxable,,1,99,0,0,0.20,45.00,69.00,Lubricants & Massage | 润滑油按摩,lub-017,156
,simple,LUB-018,Hybrid Lube | 混合润滑液,1,0,visible,Water-silicone hybrid lube | 水硅混合润滑液,Best of both worlds,taxable,,1,99,0,0,0.20,39.00,59.00,Lubricants & Massage | 润滑油按摩,lub-018,157
,simple,LUB-019,Lube Pillow Pack | 小包装润滑液,1,0,visible,Travel size lube sachets | 旅行装润滑液小包,10 single-use sachets,taxable,,1,99,0,0,0.20,19.00,29.00,Lubricants & Massage | 润滑油按摩,lub-019,158
,simple,LUB-020,Luxury Massage Set | 豪华按摩套装,1,0,visible,Luxury sensual massage set | 豪华感官按摩套装,Oils rollers stones candles,taxable,,1,99,0,0,0.20,99.00,149.00,Lubricants & Massage | 润滑油按摩,lub-020,159
,simple,FUR-001,Wedge Ramp Set | 楔形斜坡套装,1,0,visible,Liberator wedge ramp set | 楔形斜坡套装,2 piece positioning set,taxable,,1,99,0,0,0.20,199.00,279.00,Sex Furniture | 情趣家具,fur-001,160
,simple,FUR-002,Bondage Board | 束缚板,1,0,visible,Wooden bondage board | 木制束缚板,With restraint points,taxable,,1,99,0,0,0.20,299.00,399.00,Sex Furniture | 情趣家具,fur-002,161
,simple,FUR-003,Love Swing | 情趣秋千,1,0,visible,Adjustable sex swing | 可调节情趣秋千,Door mount 300lb capacity,taxable,,1,99,0,0,0.20,149.00,219.00,Sex Furniture | 情趣家具,fur-003,162
,simple,FUR-004,Position Pillow | 体位枕,1,0,visible,Firm position support pillow | 坚实体位支撑枕,Waterproof cover washable,taxable,,1,99,0,0,0.20,89.00,139.00,Sex Furniture | 情趣家具,fur-004,163
,simple,FUR-005,Sex Machine | 性爱机器,1,0,visible,Automatic thrusting machine | 自动抽插机器,Multiple attachments variable speed,taxable,,1,99,0,0,0.20,499.00,699.00,Sex Furniture | 情趣家具,fur-005,164
,simple,FUR-006,Inflatable Love Doll | 充气娃娃,1,0,visible,Realistic inflatable love doll | 逼真充气娃娃,Life-size vinyl material,taxable,,1,99,0,0,0.20,99.00,149.00,Sex Furniture | 情趣家具,fur-006,165
,simple,FUR-007,Sybian Style Saddle | 骑乘式震动器,1,0,visible,Ride-on saddle massager | 骑乘式按摩器,Multiple attachments powerful,taxable,,1,99,0,0,0.20,399.00,549.00,Sex Furniture | 情趣家具,fur-007,166
,simple,FUR-008,Portable Sling | 便携式吊带,1,0,visible,Portable bed restraint sling | 便携床上束缚吊带,No drilling required,taxable,,1,99,0,0,0.20,169.00,239.00,Sex Furniture | 情趣家具,fur-008,167
,simple,FUR-009,Spinning Chair | 旋转椅,1,0,visible,Erotic spinning chair | 情趣旋转椅,360 rotation padded,taxable,,1,99,0,0,0.20,249.00,349.00,Sex Furniture | 情趣家具,fur-009,168
,simple,FUR-010,Bondage Bed Frame | 束缚床架,1,0,visible,Restraint-ready bed frame | 束缚就绪床架,Multiple attachment points,taxable,,1,99,0,0,0.20,599.00,799.00,Sex Furniture | 情趣家具,fur-010,169
,simple,FUR-011,Floor Mat Set | 地垫套装,1,0,visible,Cushioned floor play mat | 缓冲地垫,Waterproof easy clean,taxable,,1,99,0,0,0.20,79.00,119.00,Sex Furniture | 情趣家具,fur-011,170
,simple,FUR-012,Adjustable Bench | 可调节长凳,1,0,visible,Padded adjustable bondage bench | 加衬可调节束缚凳,Multiple positions,taxable,,1,99,0,0,0.20,349.00,499.00,Sex Furniture | 情趣家具,fur-012,171
,simple,FUR-013,Door Swing Kit | 门上秋千套装,1,0,visible,Over-door sex swing kit | 门上情趣秋千套装,Easy install straps,taxable,,1,99,0,0,0.20,99.00,149.00,Sex Furniture | 情趣家具,fur-013,172
,simple,FUR-014,Tantric Chair | 密宗椅,1,0,visible,Tantric position chair | 密宗体位椅,Curved ergonomic design,taxable,,1,99,0,0,0.20,299.00,429.00,Sex Furniture | 情趣家具,fur-014,173
,simple,FUR-015,Love Lounger | 情趣躺椅,1,0,visible,Inflatable love lounger | 充气情趣躺椅,Waterproof holds 250kg,taxable,,1,99,0,0,0.20,149.00,219.00,Sex Furniture | 情趣家具,fur-015,174
,simple,FUR-016,Harness Sling | 绑带吊带,1,0,visible,Full body harness sling | 全身绑带吊带,Adjustable mounting,taxable,,1,99,0,0,0.20,199.00,279.00,Sex Furniture | 情趣家具,fur-016,175
,simple,FUR-017,Thrusting Machine Kit | 抽插机套装,1,0,visible,Portable thrusting machine kit | 便携抽插机套装,Multiple attachments carry bag,taxable,,1,99,0,0,0.20,349.00,479.00,Sex Furniture | 情趣家具,fur-017,176
,simple,FUR-018,Balance Ball Chair | 平衡球椅,1,0,visible,Sensual balance ball chair | 感官平衡球椅,Anti-burst with accessories,taxable,,1,99,0,0,0.20,89.00,129.00,Sex Furniture | 情趣家具,fur-018,177
,simple,FUR-019,Couples Yoga Mat | 情侣瑜伽垫,1,0,visible,Extra-wide couples yoga mat | 超宽情侣瑜伽垫,Position guide printed,taxable,,1,99,0,0,0.20,59.00,89.00,Sex Furniture | 情趣家具,fur-019,178
,simple,FUR-020,Deluxe Room Kit | 豪华房间套装,1,0,visible,Complete bedroom accessories kit | 完整卧室配件套装,Swing sling machine package,taxable,,1,99,0,0,0.20,999.00,1399.00,Sex Furniture | 情趣家具,fur-020,179
,simple,SDL-001,TPE Mini Sex Doll | TPE迷你实体娃娃,1,0,visible,Compact TPE mini love doll | 紧凑型TPE迷你娃娃,60cm lightweight portable,taxable,,1,99,0,0,0.20,599.00,799.00,Sex Dolls | 实体娃娃,sdl-001,180
,simple,SDL-002,Realistic Torso Doll | 逼真躯干娃娃,1,0,visible,Realistic upper body torso | 逼真上半身躯干,Breast vagina dual entry,taxable,,1,99,0,0,0.20,299.00,449.00,Sex Dolls | 实体娃娃,sdl-002,181
,simple,SDL-003,Full Size TPE Doll | 全尺寸TPE娃娃,1,0,visible,Full size TPE sex doll | 全尺寸TPE实体娃娃,158cm removable head,taxable,,1,99,0,0,0.20,1599.00,2199.00,Sex Dolls | 实体娃娃,sdl-003,182
,simple,SDL-004,Silicone Head Upgrade | 硅胶头部升级,1,0,visible,Premium silicone doll head | 优质硅胶娃娃头,Realistic features oral function,taxable,,1,99,0,0,0.20,399.00,549.00,Sex Dolls | 实体娃娃,sdl-004,183
,simple,SDL-005,Male Sex Doll Torso | 男性躯干娃娃,1,0,visible,Male torso with penis | 带阴茎男性躯干,TPE realistic texture,taxable,,1,99,0,0,0.20,349.00,499.00,Sex Dolls | 实体娃娃,sdl-005,184
,simple,SDL-006,Anime Sex Doll | 动漫实体娃娃,1,0,visible,Anime-style character doll | 动漫角色娃娃,Big eyes petite figure,taxable,,1,99,0,0,0.20,899.00,1299.00,Sex Dolls | 实体娃娃,sdl-006,185
,simple,SDL-007,WM Doll Series | WM娃娃系列,1,0,visible,Premium WM brand sex doll | 优质WM品牌娃娃,Articulated skeleton poseable,taxable,,1,99,0,0,0.20,2999.00,3999.00,Sex Dolls | 实体娃娃,sdl-007,186
,simple,SDL-008,Heating Doll System | 加热娃娃系统,1,0,visible,Built-in heating system doll | 内置加热系统娃娃,Warms to body temperature,taxable,,1,99,0,0,0.20,1899.00,2599.00,Sex Dolls | 实体娃娃,sdl-008,187
,simple,SDL-009,Flat Chest Petite Doll | 平胸小巧娃娃,1,0,visible,Petite flat chest doll | 平胸小巧娃娃,Lightweight portable TPE,taxable,,1,99,0,0,0.20,799.00,1099.00,Sex Dolls | 实体娃娃,sdl-009,188
,simple,SDL-010,Big Breast Doll | 大胸娃娃,1,0,visible,Large breast sex doll | 大胸实体娃娃,Soft jiggly breasts TPE,taxable,,1,99,0,0,0.20,1299.00,1799.00,Sex Dolls | 实体娃娃,sdl-010,189
,simple,SDL-011,Elf Fantasy Doll | 精灵幻想娃娃,1,0,visible,Fantasy elf character doll | 幻想精灵角色娃娃,Pointed ears fantasy design,taxable,,1,99,0,0,0.20,1099.00,1499.00,Sex Dolls | 实体娃娃,sdl-011,190
,simple,SDL-012,Pregnant Belly Doll | 孕肚娃娃,1,0,visible,Pregnant belly style doll | 孕肚造型娃娃,Unique fantasy design,taxable,,1,99,0,0,0.20,1199.00,1649.00,Sex Dolls | 实体娃娃,sdl-012,191
,simple,SDL-013,Muscular Male Doll | 肌肉男性娃娃,1,0,visible,Muscular male sex doll | 肌肉男性实体娃娃,Full size articulated,taxable,,1,99,0,0,0.20,1799.00,2499.00,Sex Dolls | 实体娃娃,sdl-013,192
,simple,SDL-014,AI Interactive Doll | AI互动娃娃,1,0,visible,AI-integrated interactive doll | AI集成互动娃娃,Voice responsive expression,taxable,,1,99,0,0,0.20,3999.00,5499.00,Sex Dolls | 实体娃娃,sdl-014,193
,simple,SDL-015,Doll Clothing Set | 娃娃服装套装,1,0,visible,Sex doll wardrobe set | 实体娃娃服装套装,10 outfits accessories,taxable,,1,99,0,0,0.20,99.00,149.00,Sex Dolls | 实体娃娃,sdl-015,194
,simple,SDL-016,Doll Cleaning Kit | 娃娃清洁套装,1,0,visible,Complete doll care kit | 完整娃娃护理套装,Renewal powder cleaner tools,taxable,,1,99,0,0,0.20,49.00,79.00,Sex Dolls | 实体娃娃,sdl-016,195
,simple,SDL-017,Standing Feet Upgrade | 站立脚升级,1,0,visible,Standing feet option upgrade | 站立脚选项升级,Allows freestanding pose,taxable,,1,99,0,0,0.20,99.00,149.00,Sex Dolls | 实体娃娃,sdl-017,196
,simple,SDL-018,Doll Storage Bag | 娃娃储存袋,1,0,visible,Discreet doll storage bag | 隐秘娃娃储存袋,Carry bag hanging system,taxable,,1,99,0,0,0.20,79.00,119.00,Sex Dolls | 实体娃娃,sdl-018,197
,simple,SDL-019,Half Body Doll | 半身娃娃,1,0,visible,Half body sex doll hip | 半身娃娃臀部,Realistic hip vagina anal,taxable,,1,99,0,0,0.20,249.00,349.00,Sex Dolls | 实体娃娃,sdl-019,198
,simple,SDL-020,Custom Order Doll | 定制娃娃,1,0,visible,Fully customizable sex doll | 完全定制实体娃娃,Choose appearance features,taxable,,1,99,0,0,0.20,2499.00,3499.00,Sex Dolls | 实体娃娃,sdl-020,199
